Pitcher,PitcherTeam,TotalPitches,ArsenalStuffPlus,PitchTypes,PitchesAbove105,PitchesAbove110,AvgCSWPct,AvgWhiffPct,BestPitch,BestPitchStuffPlus,BestPitchUsagePct,BestPitchGrade,ArsenalGrade,DevelopmentScore,DevelopmentTier
Ethan Walsh,OAK_COL,289,103.99230297229134,5,2,0,0.39100346020761245,0.5079365079365079,Four-Seam,107.7925978518122,0.15570934256055363,Above avg,Average,125.7925978518122,Interesting raw traits
Nolan Price,OAK_COL,237,101.51899612647266,5,1,0,0.3459915611814346,0.40404040404040403,Changeup,107.73262611934585,0.16455696202531644,Above avg,Average,120.73262611934585,Interesting raw traits
Caleb Ortiz,OAK_COL,276,98.10800811719429,5,0,0,0.36231884057971014,0.44166666666666665,Changeup,101.73511018807706,0.05434782608695652,Average,Average,109.73511018807706,Solid foundation
Luke Bennett,RIV_WAV,269,98.24554222391168,5,0,0,0.29739776951672864,0.3118279569892473,Curveball,101.656476138946,0.20446096654275092,Average,Average,109.656476138946,Solid foundation
Mason Hill,RIV_WAV,344,99.68005599399393,5,0,0,0.36046511627906974,0.4507042253521127,Slider,101.18322117880544,0.13662790697674418,Average,Average,109.18322117880544,Solid foundation
Ryan Keller,OAK_COL,219,99.37273415110666,5,0,0,0.3607305936073059,0.411214953271028,Slider,101.18159896649242,0.1735159817351598,Average,Average,109.18159896649242,Solid foundation
Jake Monroe,OAK_COL,255,98.7735297167939,5,0,0,0.32941176470588235,0.4583333333333333,Curveball,100.87987795036123,0.17647058823529413,Average,Average,108.87987795036123,Solid foundation
Owen Foster,RIV_WAV,255,100.15899271234196,5,0,0,0.38823529411764707,0.5376344086021505,Four-Seam,100.83179666026926,0.1450980392156863,Average,Average,108.83179666026926,Solid foundation
